"group_code","group_name","aq_type","sector","sector_long","year","prod_mt"
"AFL","LDC Subsaharan Africa","inland","crustaceans","inland-crustaceans",2018,232.5
"AFL","LDC Subsaharan Africa","inland","crustaceans","inland-crustaceans",2019,237.167811354351
"AFL","LDC Subsaharan Africa","inland","crustaceans","inland-crustaceans",2020,241.929336527368
"AFL","LDC Subsaharan Africa","inland","crustaceans","inland-crustaceans",2021,246.786456974649
"AFL","LDC Subsaharan Africa","inland","crustaceans","inland-crustaceans",2022,251.741091925042
"AFL","LDC Subsaharan Africa","inland","crustaceans","inland-crustaceans",2023,256.795199138997
"AFL","LDC Subsaharan Africa","inland","crustaceans","inland-crustaceans",2024,261.950775682153
"AFL","LDC Subsaharan Africa","inland","crustaceans","inland-crustaceans",2025,267.209858714455
"AFL","LDC Subsaharan Africa","inland","crustaceans","inland-crustaceans",2026,272.574526295108
"AFL","LDC Subsaharan Africa","inland","crustaceans","inland-crustaceans",2027,278.046898203697
"AFL","LDC Subsaharan Africa","inland","crustaceans","inland-crustaceans",2028,283.629136777793
"AFL","LDC Subsaharan Africa","inland","crustaceans","inland-crustaceans",2029,289.323447767368
"AFL","LDC Subsaharan Africa","inland","crustaceans","inland-crustaceans",2030,295.132081206372
"AFL","LDC Subsaharan Africa","inland","finfish","inland-finfish",2018,208076.225132727
"AFL","LDC Subsaharan Africa","inland","finfish","inland-finfish",2019,222858.757394605
"AFL","LDC Subsaharan Africa","inland","finfish","inland-finfish",2020,238694.927019918
"AFL","LDC Subsaharan Africa","inland","finfish","inland-finfish",2021,255660.018435706
"AFL","LDC Subsaharan Africa","inland","finfish","inland-finfish",2022,273834.70717706
"AFL","LDC Subsaharan Africa","inland","finfish","inland-finfish",2023,293305.446748397
"AFL","LDC Subsaharan Africa","inland","finfish","inland-finfish",2024,314164.883300829
"AFL","LDC Subsaharan Africa","inland","finfish","inland-finfish",2025,336512.300129491
"AFL","LDC Subsaharan Africa","inland","finfish","inland-finfish",2026,360454.094139285
"AFL","LDC Subsaharan Africa","inland","finfish","inland-finfish",2027,386104.28658257
"AFL","LDC Subsaharan Africa","inland","finfish","inland-finfish",2028,413585.070538618
"AFL","LDC Subsaharan Africa","inland","finfish","inland-finfish",2029,443027.397782971
"AFL","LDC Subsaharan Africa","inland","finfish","inland-finfish",2030,474571.607886027
"AFL","LDC Subsaharan Africa","marine","bivalves","marine-bivalves",2018,693.916859751974
"AFL","LDC Subsaharan Africa","marine","bivalves","marine-bivalves",2019,719.819483966123
"AFL","LDC Subsaharan Africa","marine","bivalves","marine-bivalves",2020,746.789678147676
"AFL","LDC Subsaharan Africa","marine","bivalves","marine-bivalves",2021,774.872825645077
"AFL","LDC Subsaharan Africa","marine","bivalves","marine-bivalves",2022,804.116256318732
"AFL","LDC Subsaharan Africa","marine","bivalves","marine-bivalves",2023,834.569330235664
"AFL","LDC Subsaharan Africa","marine","bivalves","marine-bivalves",2024,866.283524965304
"AFL","LDC Subsaharan Africa","marine","bivalves","marine-bivalves",2025,899.312526631366
"AFL","LDC Subsaharan Africa","marine","bivalves","marine-bivalves",2026,933.712324881493
"AFL","LDC Subsaharan Africa","marine","bivalves","marine-bivalves",2027,969.541311943228
"AFL","LDC Subsaharan Africa","marine","bivalves","marine-bivalves",2028,1006.86038594221
"AFL","LDC Subsaharan Africa","marine","bivalves","marine-bivalves",2029,1045.73305866598
"AFL","LDC Subsaharan Africa","marine","bivalves","marine-bivalves",2030,1086.22556796479
"AFL","LDC Subsaharan Africa","marine","crustaceans","marine-crustaceans",2018,6243.2922986455
"AFL","LDC Subsaharan Africa","marine","crustaceans","marine-crustaceans",2019,6418.52408178374
"AFL","LDC Subsaharan Africa","marine","crustaceans","marine-crustaceans",2020,6599.30934453199
"AFL","LDC Subsaharan Africa","marine","crustaceans","marine-crustaceans",2021,6785.85995457612
"AFL","LDC Subsaharan Africa","marine","crustaceans","marine-crustaceans",2022,6978.39765588869
"AFL","LDC Subsaharan Africa","marine","crustaceans","marine-crustaceans",2023,7177.15460361388
"AFL","LDC Subsaharan Africa","marine","crustaceans","marine-crustaceans",2024,7382.37393045391
"AFL","LDC Subsaharan Africa","marine","crustaceans","marine-crustaceans",2025,7594.31034648585
"AFL","LDC Subsaharan Africa","marine","crustaceans","marine-crustaceans",2026,7813.23077445855
"AFL","LDC Subsaharan Africa","marine","crustaceans","marine-crustaceans",2027,8039.41502274687
"AFL","LDC Subsaharan Africa","marine","crustaceans","marine-crustaceans",2028,8273.15649827595
"AFL","LDC Subsaharan Africa","marine","crustaceans","marine-crustaceans",2029,8514.76296187273
"AFL","LDC Subsaharan Africa","marine","crustaceans","marine-crustaceans",2030,8764.55732865507
"AFL","LDC Subsaharan Africa","marine","finfish","marine-finfish",2018,640.590368977909
"AFL","LDC Subsaharan Africa","marine","finfish","marine-finfish",2019,661.130557508299
"AFL","LDC Subsaharan Africa","marine","finfish","marine-finfish",2020,682.390862310767
"AFL","LDC Subsaharan Africa","marine","finfish","marine-finfish",2021,704.397230888939
"AFL","LDC Subsaharan Africa","marine","finfish","marine-finfish",2022,727.176553004351
"AFL","LDC Subsaharan Africa","marine","finfish","marine-finfish",2023,750.756694967734
"AFL","LDC Subsaharan Africa","marine","finfish","marine-finfish",2024,775.166535178989
"AFL","LDC Subsaharan Africa","marine","finfish","marine-finfish",2025,800.436000961342
"AFL","LDC Subsaharan Africa","marine","finfish","marine-finfish",2026,826.596106736809
"AFL","LDC Subsaharan Africa","marine","finfish","marine-finfish",2027,853.678993591814
"AFL","LDC Subsaharan Africa","marine","finfish","marine-finfish",2028,881.717970283611
"AFL","LDC Subsaharan Africa","marine","finfish","marine-finfish",2029,910.74755573996
"AFL","LDC Subsaharan Africa","marine","finfish","marine-finfish",2030,940.803523106465
"AFN","Other North Africa","inland","crustaceans","inland-crustaceans",2018,30
"AFN","Other North Africa","inland","crustaceans","inland-crustaceans",2019,30.6022982392711
"AFN","Other North Africa","inland","crustaceans","inland-crustaceans",2020,31.2166885841765
"AFN","Other North Africa","inland","crustaceans","inland-crustaceans",2021,31.8434138031806
"AFN","Other North Africa","inland","crustaceans","inland-crustaceans",2022,32.4827215387151
"AFN","Other North Africa","inland","crustaceans","inland-crustaceans",2023,33.1348644050318
"AFN","Other North Africa","inland","crustaceans","inland-crustaceans",2024,33.8001000880197
"AFN","Other North Africa","inland","crustaceans","inland-crustaceans",2025,34.4786914470264
"AFN","Other North Africa","inland","crustaceans","inland-crustaceans",2026,35.1709066187236
"AFN","Other North Africa","inland","crustaceans","inland-crustaceans",2027,35.8770191230577
"AFN","Other North Africa","inland","crustaceans","inland-crustaceans",2028,36.5973079713281
"AFN","Other North Africa","inland","crustaceans","inland-crustaceans",2029,37.3320577764346
"AFN","Other North Africa","inland","crustaceans","inland-crustaceans",2030,38.0815588653383
"AFN","Other North Africa","inland","finfish","inland-finfish",2018,3159.48515589601
"AFN","Other North Africa","inland","finfish","inland-finfish",2019,3336.2210394082
"AFN","Other North Africa","inland","finfish","inland-finfish",2020,3525.03065043444
"AFN","Other North Africa","inland","finfish","inland-finfish",2021,3726.79892587347
"AFN","Other North Africa","inland","finfish","inland-finfish",2022,3942.4774774653
"AFN","Other North Africa","inland","finfish","inland-finfish",2023,4173.08969676611
"AFN","Other North Africa","inland","finfish","inland-finfish",2024,4419.73625603727
"AFN","Other North Africa","inland","finfish","inland-finfish",2025,4683.60103610766
"AFN","Other North Africa","inland","finfish","inland-finfish",2026,4965.95751473095
"AFN","Other North Africa","inland","finfish","inland-finfish",2027,5268.17565161847
"AFN","Other North Africa","inland","finfish","inland-finfish",2028,5591.72930920034
"AFN","Other North Africa","inland","finfish","inland-finfish",2029,5938.20425126987
"AFN","Other North Africa","inland","finfish","inland-finfish",2030,6309.30676501717
"AFN","Other North Africa","marine","bivalves","marine-bivalves",2018,607.015357442564
"AFN","Other North Africa","marine","bivalves","marine-bivalves",2019,627.591272713266
"AFN","Other North Africa","marine","bivalves","marine-bivalves",2020,648.98659094631
"AFN","Other North Africa","marine","bivalves","marine-bivalves",2021,671.235789310789
"AFN","Other North Africa","marine","bivalves","marine-bivalves",2022,694.374819415728
"AFN","Other North Africa","marine","bivalves","marine-bivalves",2023,718.441170655492
"AFN","Other North Africa","marine","bivalves","marine-bivalves",2024,743.473936280137
"AFN","Other North Africa","marine","bivalves","marine-bivalves",2025,769.513882307974
"AFN","Other North Africa","marine","bivalves","marine-bivalves",2026,796.603519402648
"AFN","Other North Africa","marine","bivalves","marine-bivalves",2027,824.787177842296
"AFN","Other North Africa","marine","bivalves","marine-bivalves",2028,854.111085713872
"AFN","Other North Africa","marine","bivalves","marine-bivalves",2029,884.623450471386
"AFN","Other North Africa","marine","bivalves","marine-bivalves",2030,916.374544002864
"AFN","Other North Africa","marine","crustaceans","marine-crustaceans",2018,38.3150003939806
"AFN","Other North Africa","marine","crustaceans","marine-crustaceans",2019,39.4799500258688
"AFN","Other North Africa","marine","crustaceans","marine-crustaceans",2020,40.6868759459799
"AFN","Other North Africa","marine","crustaceans","marine-crustaceans",2021,41.9376324138899
"AFN","Other North Africa","marine","crustaceans","marine-crustaceans",2022,43.2341706291974
"AFN","Other North Africa","marine","crustaceans","marine-crustaceans",2023,44.5785443387155
"AFN","Other North Africa","marine","crustaceans","marine-crustaceans",2024,45.9729157843399
"AFN","Other North Africa","marine","crustaceans","marine-crustaceans",2025,47.4195620127384
"AFN","Other North Africa","marine","crustaceans","marine-crustaceans",2026,48.9208815693316
"AFN","Other North Africa","marine","crustaceans","marine-crustaceans",2027,50.479401600444
"AFN","Other North Africa","marine","crustaceans","marine-crustaceans",2028,52.0977853889989
"AFN","Other North Africa","marine","crustaceans","marine-crustaceans",2029,53.7788403507201
"AFN","Other North Africa","marine","crustaceans","marine-crustaceans",2030,55.5255265194953
"AFN","Other North Africa","marine","finfish","marine-finfish",2018,21657.4202858424
"AFN","Other North Africa","marine","finfish","marine-finfish",2019,22433.8628848936
"AFN","Other North Africa","marine","finfish","marine-finfish",2020,23238.461410797
"AFN","Other North Africa","marine","finfish","marine-finfish",2021,24072.2401321754
"AFN","Other North Africa","marine","finfish","marine-finfish",2022,24936.2606117771
"AFN","Other North Africa","marine","finfish","marine-finfish",2023,25831.6230647032
"AFN","Other North Africa","marine","finfish","marine-finfish",2024,26759.4677661039
"AFN","Other North Africa","marine","finfish","marine-finfish",2025,27720.976510146
"AFN","Other North Africa","marine","finfish","marine-finfish",2026,28717.3741221179
"AFN","Other North Africa","marine","finfish","marine-finfish",2027,29749.9300256091
"AFN","Other North Africa","marine","finfish","marine-finfish",2028,30819.9598667691
"AFN","Other North Africa","marine","finfish","marine-finfish",2029,31928.8271977239
"AFN","Other North Africa","marine","finfish","marine-finfish",2030,33077.9452213076
"AFS","Other Subsaharan Africa","inland","crustaceans","inland-crustaceans",2018,135.326424514552
"AFS","Other Subsaharan Africa","inland","crustaceans","inland-crustaceans",2019,138.043320088284
"AFS","Other Subsaharan Africa","inland","crustaceans","inland-crustaceans",2020,140.814761709361
"AFS","Other Subsaharan Africa","inland","crustaceans","inland-crustaceans",2021,143.641844477392
"AFS","Other Subsaharan Africa","inland","crustaceans","inland-crustaceans",2022,146.525685477872
"AFS","Other Subsaharan Africa","inland","crustaceans","inland-crustaceans",2023,149.467424223582
"AFS","Other Subsaharan Africa","inland","crustaceans","inland-crustaceans",2024,152.468223104857
"AFS","Other Subsaharan Africa","inland","crustaceans","inland-crustaceans",2025,155.529267848885
"AFS","Other Subsaharan Africa","inland","crustaceans","inland-crustaceans",2026,158.651767988235
"AFS","Other Subsaharan Africa","inland","crustaceans","inland-crustaceans",2027,161.836957338787
"AFS","Other Subsaharan Africa","inland","crustaceans","inland-crustaceans",2028,165.086094487259
"AFS","Other Subsaharan Africa","inland","crustaceans","inland-crustaceans",2029,168.400463288519
"AFS","Other Subsaharan Africa","inland","crustaceans","inland-crustaceans",2030,171.781373372889
"AFS","Other Subsaharan Africa","inland","finfish","inland-finfish",2018,92810.9864154164
"AFS","Other Subsaharan Africa","inland","finfish","inland-finfish",2019,99049.3489660456
"AFS","Other Subsaharan Africa","inland","finfish","inland-finfish",2020,105707.593030054
"AFS","Other Subsaharan Africa","inland","finfish","inland-finfish",2021,112813.992114929
"AFS","Other Subsaharan Africa","inland","finfish","inland-finfish",2022,120398.72405334
"AFS","Other Subsaharan Africa","inland","finfish","inland-finfish",2023,128493.999297612
"AFS","Other Subsaharan Africa","inland","finfish","inland-finfish",2024,137134.197860048
"AFS","Other Subsaharan Africa","inland","finfish","inland-finfish",2025,146356.015481976
"AFS","Other Subsaharan Africa","inland","finfish","inland-finfish",2026,156198.619653723
"AFS","Other Subsaharan Africa","inland","finfish","inland-finfish",2027,166703.816149711
"AFS","Other Subsaharan Africa","inland","finfish","inland-finfish",2028,177916.226787634
"AFS","Other Subsaharan Africa","inland","finfish","inland-finfish",2029,189883.479168563
"AFS","Other Subsaharan Africa","inland","finfish","inland-finfish",2030,202656.409205827
"AFS","Other Subsaharan Africa","marine","bivalves","marine-bivalves",2018,511.276382375941
"AFS","Other Subsaharan Africa","marine","bivalves","marine-bivalves",2019,517.468741964435
"AFS","Other Subsaharan Africa","marine","bivalves","marine-bivalves",2020,523.739112071491
"AFS","Other Subsaharan Africa","marine","bivalves","marine-bivalves",2021,530.088603027725
"AFS","Other Subsaharan Africa","marine","bivalves","marine-bivalves",2022,536.518346162434
"AFS","Other Subsaharan Africa","marine","bivalves","marine-bivalves",2023,543.029494387993
"AFS","Other Subsaharan Africa","marine","bivalves","marine-bivalves",2024,549.62322280561
"AFS","Other Subsaharan Africa","marine","bivalves","marine-bivalves",2025,556.30072933329
"AFS","Other Subsaharan Africa","marine","bivalves","marine-bivalves",2026,563.063235356929
"AFS","Other Subsaharan Africa","marine","bivalves","marine-bivalves",2027,569.91198640549
"AFS","Other Subsaharan Africa","marine","bivalves","marine-bivalves",2028,576.84825285124
"AFS","Other Subsaharan Africa","marine","bivalves","marine-bivalves",2029,583.87333063609
"AFS","Other Subsaharan Africa","marine","bivalves","marine-bivalves",2030,590.988542025098
"AFS","Other Subsaharan Africa","marine","crustaceans","marine-crustaceans",2018,166.025154672372
"AFS","Other Subsaharan Africa","marine","crustaceans","marine-crustaceans",2019,170.201463043615
"AFS","Other Subsaharan Africa","marine","crustaceans","marine-crustaceans",2020,174.482825083661
"AFS","Other Subsaharan Africa","marine","crustaceans","marine-crustaceans",2021,178.871883383128
"AFS","Other Subsaharan Africa","marine","crustaceans","marine-crustaceans",2022,183.371347006139
"AFS","Other Subsaharan Africa","marine","crustaceans","marine-crustaceans",2023,187.983993162435
"AFS","Other Subsaharan Africa","marine","crustaceans","marine-crustaceans",2024,192.712668921559
"AFS","Other Subsaharan Africa","marine","crustaceans","marine-crustaceans",2025,197.560292970156
"AFS","Other Subsaharan Africa","marine","crustaceans","marine-crustaceans",2026,202.529857413477
"AFS","Other Subsaharan Africa","marine","crustaceans","marine-crustaceans",2027,207.624429622199
"AFS","Other Subsaharan Africa","marine","crustaceans","marine-crustaceans",2028,212.847154125706
"AFS","Other Subsaharan Africa","marine","crustaceans","marine-crustaceans",2029,218.201254552986
"AFS","Other Subsaharan Africa","marine","crustaceans","marine-crustaceans",2030,223.690035622359
"AFS","Other Subsaharan Africa","marine","finfish","marine-finfish",2018,2211.8681325809
"AFS","Other Subsaharan Africa","marine","finfish","marine-finfish",2019,2290.02526464865
"AFS","Other Subsaharan Africa","marine","finfish","marine-finfish",2020,2371.00495845117
"AFS","Other Subsaharan Africa","marine","finfish","marine-finfish",2021,2454.90977717474
"AFS","Other Subsaharan Africa","marine","finfish","marine-finfish",2022,2541.84601720441
"AFS","Other Subsaharan Africa","marine","finfish","marine-finfish",2023,2631.92384407281
"AFS","Other Subsaharan Africa","marine","finfish","marine-finfish",2024,2725.25743336038
"AFS","Other Subsaharan Africa","marine","finfish","marine-finfish",2025,2821.96511672722
"AFS","Other Subsaharan Africa","marine","finfish","marine-finfish",2026,2922.16953326363
"AFS","Other Subsaharan Africa","marine","finfish","marine-finfish",2027,3025.99778635303
"AFS","Other Subsaharan Africa","marine","finfish","marine-finfish",2028,3133.5816062479
"AFS","Other Subsaharan Africa","marine","finfish","marine-finfish",2029,3245.05751856699
"AFS","Other Subsaharan Africa","marine","finfish","marine-finfish",2030,3360.56701892938
"AGL","Aglink - Individual countries","inland","crustaceans","inland-crustaceans",2018,3128659.35684953
"AGL","Aglink - Individual countries","inland","crustaceans","inland-crustaceans",2019,3281909.57564488
"AGL","Aglink - Individual countries","inland","crustaceans","inland-crustaceans",2020,3442681.56376973
"AGL","Aglink - Individual countries","inland","crustaceans","inland-crustaceans",2021,3611345.01845104
"AGL","Aglink - Individual countries","inland","crustaceans","inland-crustaceans",2022,3788287.8252698
"AGL","Aglink - Individual countries","inland","crustaceans","inland-crustaceans",2023,3973916.9535927
"AGL","Aglink - Individual countries","inland","crustaceans","inland-crustaceans",2024,4168659.39610739
"AGL","Aglink - Individual countries","inland","crustaceans","inland-crustaceans",2025,4372963.15463422
"AGL","Aglink - Individual countries","inland","crustaceans","inland-crustaceans",2026,4587298.27449469
"AGL","Aglink - Individual countries","inland","crustaceans","inland-crustaceans",2027,4812157.92982881
"AGL","Aglink - Individual countries","inland","crustaceans","inland-crustaceans",2028,5048059.56237196
"AGL","Aglink - Individual countries","inland","crustaceans","inland-crustaceans",2029,5295546.07632507
"AGL","Aglink - Individual countries","inland","crustaceans","inland-crustaceans",2030,5555187.09208207
"AGL","Aglink - Individual countries","inland","finfish","inland-finfish",2018,28209230.0862463
"AGL","Aglink - Individual countries","inland","finfish","inland-finfish",2019,30106674.5841997
"AGL","Aglink - Individual countries","inland","finfish","inland-finfish",2020,32132520.0755087
"AGL","Aglink - Individual countries","inland","finfish","inland-finfish",2021,34295482.1433537
"AGL","Aglink - Individual countries","inland","finfish","inland-finfish",2022,36604869.5241262
"AGL","Aglink - Individual countries","inland","finfish","inland-finfish",2023,39070624.5951811
"AGL","Aglink - Individual countries","inland","finfish","inland-finfish",2024,41703366.6361535
"AGL","Aglink - Individual countries","inland","finfish","inland-finfish",2025,44514438.054678
"AGL","Aglink - Individual countries","inland","finfish","inland-finfish",2026,47515953.7805472
"AGL","Aglink - Individual countries","inland","finfish","inland-finfish",2027,50720854.0464668
"AGL","Aglink - Individual countries","inland","finfish","inland-finfish",2028,54142960.7886685
"AGL","Aglink - Individual countries","inland","finfish","inland-finfish",2029,57797037.9167989
"AGL","Aglink - Individual countries","inland","finfish","inland-finfish",2030,61698855.7197832
"AGL","Aglink - Individual countries","marine","bivalves","marine-bivalves",2018,16124294.4066331
"AGL","Aglink - Individual countries","marine","bivalves","marine-bivalves",2019,16772904.5287698
"AGL","Aglink - Individual countries","marine","bivalves","marine-bivalves",2020,17447987.0997771
"AGL","Aglink - Individual countries","marine","bivalves","marine-bivalves",2021,18150627.613088
"AGL","Aglink - Individual countries","marine","bivalves","marine-bivalves",2022,18881956.1547431
"AGL","Aglink - Individual countries","marine","bivalves","marine-bivalves",2023,19643149.2374696
"AGL","Aglink - Individual countries","marine","bivalves","marine-bivalves",2024,20435431.7102879
"AGL","Aglink - Individual countries","marine","bivalves","marine-bivalves",2025,21260078.7467641
"AGL","Aglink - Individual countries","marine","bivalves","marine-bivalves",2026,22118417.9151495
"AGL","Aglink - Individual countries","marine","bivalves","marine-bivalves",2027,23011831.333787
"AGL","Aglink - Individual countries","marine","bivalves","marine-bivalves",2028,23941757.9153013
"AGL","Aglink - Individual countries","marine","bivalves","marine-bivalves",2029,24909695.7032372
"AGL","Aglink - Individual countries","marine","bivalves","marine-bivalves",2030,25917204.3049595
"AGL","Aglink - Individual countries","marine","crustaceans","marine-crustaceans",2018,1967817.33658341
"AGL","Aglink - Individual countries","marine","crustaceans","marine-crustaceans",2019,2088582.28413942
"AGL","Aglink - Individual countries","marine","crustaceans","marine-crustaceans",2020,2216844.00160531
"AGL","Aglink - Individual countries","marine","crustaceans","marine-crustaceans",2021,2353070.06085961
"AGL","Aglink - Individual countries","marine","crustaceans","marine-crustaceans",2022,2497757.25179841
"AGL","Aglink - Individual countries","marine","crustaceans","marine-crustaceans",2023,2651433.40954499
"AGL","Aglink - Individual countries","marine","crustaceans","marine-crustaceans",2024,2814659.35596352
"AGL","Aglink - Individual countries","marine","crustaceans","marine-crustaceans",2025,2988030.9626284
"AGL","Aglink - Individual countries","marine","crustaceans","marine-crustaceans",2026,3172181.34284814
"AGL","Aglink - Individual countries","marine","crustaceans","marine-crustaceans",2027,3367783.18081796
"AGL","Aglink - Individual countries","marine","crustaceans","marine-crustaceans",2028,3575551.20648075
"AGL","Aglink - Individual countries","marine","crustaceans","marine-crustaceans",2029,3796244.82521262
"AGL","Aglink - Individual countries","marine","crustaceans","marine-crustaceans",2030,4030670.9120198
"AGL","Aglink - Individual countries","marine","finfish","marine-finfish",2018,3650993.15685236
"AGL","Aglink - Individual countries","marine","finfish","marine-finfish",2019,3793346.16014958
"AGL","Aglink - Individual countries","marine","finfish","marine-finfish",2020,3941821.09798359
"AGL","Aglink - Individual countries","marine","finfish","marine-finfish",2021,4096695.98277332
"AGL","Aglink - Individual countries","marine","finfish","marine-finfish",2022,4258261.97630721
"AGL","Aglink - Individual countries","marine","finfish","marine-finfish",2023,4426824.03414345
"AGL","Aglink - Individual countries","marine","finfish","marine-finfish",2024,4602701.58264338
"AGL","Aglink - Individual countries","marine","finfish","marine-finfish",2025,4786229.23034266
"AGL","Aglink - Individual countries","marine","finfish","marine-finfish",2026,4977757.51545693
"AGL","Aglink - Individual countries","marine","finfish","marine-finfish",2027,5177653.69141538
"AGL","Aglink - Individual countries","marine","finfish","marine-finfish",2028,5386302.55241782
"AGL","Aglink - Individual countries","marine","finfish","marine-finfish",2029,5604107.30111894
"AGL","Aglink - Individual countries","marine","finfish","marine-finfish",2030,5831490.46065729
"ANL","Least Developed North Africa","inland","crustaceans","inland-crustaceans",2018,15
"ANL","Least Developed North Africa","inland","crustaceans","inland-crustaceans",2019,15.3011491196355
"ANL","Least Developed North Africa","inland","crustaceans","inland-crustaceans",2020,15.6083442920882
"ANL","Least Developed North Africa","inland","crustaceans","inland-crustaceans",2021,15.9217069015903
"ANL","Least Developed North Africa","inland","crustaceans","inland-crustaceans",2022,16.2413607693576
"ANL","Least Developed North Africa","inland","crustaceans","inland-crustaceans",2023,16.5674322025159
"ANL","Least Developed North Africa","inland","crustaceans","inland-crustaceans",2024,16.9000500440099
"ANL","Least Developed North Africa","inland","crustaceans","inland-crustaceans",2025,17.2393457235132
"ANL","Least Developed North Africa","inland","crustaceans","inland-crustaceans",2026,17.5854533093618
"ANL","Least Developed North Africa","inland","crustaceans","inland-crustaceans",2027,17.9385095615289
"ANL","Least Developed North Africa","inland","crustaceans","inland-crustaceans",2028,18.2986539856641
"ANL","Least Developed North Africa","inland","crustaceans","inland-crustaceans",2029,18.6660288882173
"ANL","Least Developed North Africa","inland","crustaceans","inland-crustaceans",2030,19.0407794326692
"ANL","Least Developed North Africa","inland","finfish","inland-finfish",2018,9613.83815927236
"ANL","Least Developed North Africa","inland","finfish","inland-finfish",2019,10260.6016123789
"ANL","Least Developed North Africa","inland","finfish","inland-finfish",2020,10950.8951016975
"ANL","Least Developed North Africa","inland","finfish","inland-finfish",2021,11687.6487403966
"ANL","Least Developed North Africa","inland","finfish","inland-finfish",2022,12473.9898809787
"ANL","Least Developed North Africa","inland","finfish","inland-finfish",2023,13313.2563924748
"ANL","Least Developed North Africa","inland","finfish","inland-finfish",2024,14209.0108313971
"ANL","Least Developed North Africa","inland","finfish","inland-finfish",2025,15165.0555666139
"ANL","Least Developed North Africa","inland","finfish","inland-finfish",2026,16185.4489223599
"ANL","Least Developed North Africa","inland","finfish","inland-finfish",2027,17274.5224079181
"ANL","Least Developed North Africa","inland","finfish","inland-finfish",2028,18436.8991071226
"ANL","Least Developed North Africa","inland","finfish","inland-finfish",2029,19677.5133057576
"ANL","Least Developed North Africa","inland","finfish","inland-finfish",2030,21001.6314401793
"ANL","Least Developed North Africa","marine","bivalves","marine-bivalves",2018,12.6
"ANL","Least Developed North Africa","marine","bivalves","marine-bivalves",2019,12.750206187767
"ANL","Least Developed North Africa","marine","bivalves","marine-bivalves",2020,12.9022030024264
"ANL","Least Developed North Africa","marine","bivalves","marine-bivalves",2021,13.0560117902669
"ANL","Least Developed North Africa","marine","bivalves","marine-bivalves",2022,13.2116541520492
"ANL","Least Developed North Africa","marine","bivalves","marine-bivalves",2023,13.3691519460394
"ANL","Least Developed North Africa","marine","bivalves","marine-bivalves",2024,13.5285272910785
"ANL","Least Developed North Africa","marine","bivalves","marine-bivalves",2025,13.6898025696892
"ANL","Least Developed North Africa","marine","bivalves","marine-bivalves",2026,13.853000431219
"ANL","Least Developed North Africa","marine","bivalves","marine-bivalves",2027,14.0181437950213
"ANL","Least Developed North Africa","marine","bivalves","marine-bivalves",2028,14.1852558536737
"ANL","Least Developed North Africa","marine","bivalves","marine-bivalves",2029,14.3543600762356
"ANL","Least Developed North Africa","marine","bivalves","marine-bivalves",2030,14.525480211544
"ANL","Least Developed North Africa","marine","crustaceans","marine-crustaceans",2018,22
"ANL","Least Developed North Africa","marine","crustaceans","marine-crustaceans",2019,22.5534027921773
"ANL","Least Developed North Africa","marine","crustaceans","marine-crustaceans",2020,23.1207262502814
"ANL","Least Developed North Africa","marine","crustaceans","marine-crustaceans",2021,23.7023205441029
"ANL","Least Developed North Africa","marine","crustaceans","marine-crustaceans",2022,24.2985446518388
"ANL","Least Developed North Africa","marine","crustaceans","marine-crustaceans",2023,24.9097665816648
"ANL","Least Developed North Africa","marine","crustaceans","marine-crustaceans",2024,25.536363598882
"ANL","Least Developed North Africa","marine","crustaceans","marine-crustaceans",2025,26.1787224587764
"ANL","Least Developed North Africa","marine","crustaceans","marine-crustaceans",2026,26.8372396453365
"ANL","Least Developed North Africa","marine","crustaceans","marine-crustaceans",2027,27.5123216159756
"ANL","Least Developed North Africa","marine","crustaceans","marine-crustaceans",2028,28.2043850524102
"ANL","Least Developed North Africa","marine","crustaceans","marine-crustaceans",2029,28.9138571178487
"ANL","Least Developed North Africa","marine","crustaceans","marine-crustaceans",2030,29.6411757206503
"ANL","Least Developed North Africa","marine","finfish","marine-finfish",2018,13.02
"ANL","Least Developed North Africa","marine","finfish","marine-finfish",2019,13.1506405046292
"ANL","Least Developed North Africa","marine","finfish","marine-finfish",2020,13.2825918342546
"ANL","Least Developed North Africa","marine","finfish","marine-finfish",2021,13.4158671414751
"ANL","Least Developed North Africa","marine","finfish","marine-finfish",2022,13.5504797108607
"ANL","Least Developed North Africa","marine","finfish","marine-finfish",2023,13.6864429602766
"ANL","Least Developed North Africa","marine","finfish","marine-finfish",2024,13.8237704422205
"ANL","Least Developed North Africa","marine","finfish","marine-finfish",2025,13.9624758451737
"ANL","Least Developed North Africa","marine","finfish","marine-finfish",2026,14.1025729949653
"ANL","Least Developed North Africa","marine","finfish","marine-finfish",2027,14.2440758561506
"ANL","Least Developed North Africa","marine","finfish","marine-finfish",2028,14.3869985334028
"ANL","Least Developed North Africa","marine","finfish","marine-finfish",2029,14.5313552729192
"ANL","Least Developed North Africa","marine","finfish","marine-finfish",2030,14.677160463841
"ASA","Other Asia","inland","crustaceans","inland-crustaceans",2018,11047.8430420274
"ASA","Other Asia","inland","crustaceans","inland-crustaceans",2019,11271.210571294
"ASA","Other Asia","inland","crustaceans","inland-crustaceans",2020,11499.13571479
"ASA","Other Asia","inland","crustaceans","inland-crustaceans",2021,11731.7133947442
"ASA","Other Asia","inland","crustaceans","inland-crustaceans",2022,11969.0405990676
"ASA","Other Asia","inland","crustaceans","inland-crustaceans",2023,12211.2164303067
"ASA","Other Asia","inland","crustaceans","inland-crustaceans",2024,12458.3421559274
"ASA","Other Asia","inland","crustaceans","inland-crustaceans",2025,12710.5212599768
"ASA","Other Asia","inland","crustaceans","inland-crustaceans",2026,12967.8594961636
"ASA","Other Asia","inland","crustaceans","inland-crustaceans",2027,13230.4649424062
"ASA","Other Asia","inland","crustaceans","inland-crustaceans",2028,13498.4480568966
"ASA","Other Asia","inland","crustaceans","inland-crustaceans",2029,13771.9217357278
"ASA","Other Asia","inland","crustaceans","inland-crustaceans",2030,14051.0013721402
"ASA","Other Asia","inland","finfish","inland-finfish",2018,137430.037103279
"ASA","Other Asia","inland","finfish","inland-finfish",2019,141881.449002623
"ASA","Other Asia","inland","finfish","inland-finfish",2020,146553.370020837
"ASA","Other Asia","inland","finfish","inland-finfish",2021,151459.753032712
"ASA","Other Asia","inland","finfish","inland-finfish",2022,156615.515267129
"ASA","Other Asia","inland","finfish","inland-finfish",2023,162036.606882662
"ASA","Other Asia","inland","finfish","inland-finfish",2024,167740.084475975
"ASA","Other Asia","inland","finfish","inland-finfish",2025,173744.189880389
"ASA","Other Asia","inland","finfish","inland-finfish",2026,180068.434638007
"ASA","Other Asia","inland","finfish","inland-finfish",2027,186733.690556783
"ASA","Other Asia","inland","finfish","inland-finfish",2028,193762.286793881
"ASA","Other Asia","inland","finfish","inland-finfish",2029,201178.113938908
"ASA","Other Asia","inland","finfish","inland-finfish",2030,209006.735605156
"ASA","Other Asia","marine","bivalves","marine-bivalves",2018,142525.536090785
"ASA","Other Asia","marine","bivalves","marine-bivalves",2019,146247.037542226
"ASA","Other Asia","marine","bivalves","marine-bivalves",2020,150099.945835143
"ASA","Other Asia","marine","bivalves","marine-bivalves",2021,154089.573647218
"ASA","Other Asia","marine","bivalves","marine-bivalves",2022,158221.458217826
"ASA","Other Asia","marine","bivalves","marine-bivalves",2023,162501.370964075
"ASA","Other Asia","marine","bivalves","marine-bivalves",2024,166935.327510123
"ASA","Other Asia","marine","bivalves","marine-bivalves",2025,171529.598147562
"ASA","Other Asia","marine","bivalves","marine-bivalves",2026,176290.718745395
"ASA","Other Asia","marine","bivalves","marine-bivalves",2027,181225.502128962
"ASA","Other Asia","marine","bivalves","marine-bivalves",2028,186341.049947991
"ASA","Other Asia","marine","bivalves","marine-bivalves",2029,191644.765054807
"ASA","Other Asia","marine","bivalves","marine-bivalves",2030,197144.36441466
"ASA","Other Asia","marine","crustaceans","marine-crustaceans",2018,12351.280553912
"ASA","Other Asia","marine","crustaceans","marine-crustaceans",2019,12908.794369782
"ASA","Other Asia","marine","crustaceans","marine-crustaceans",2020,13495.8820306919
"ASA","Other Asia","marine","crustaceans","marine-crustaceans",2021,14114.2670936122
"ASA","Other Asia","marine","crustaceans","marine-crustaceans",2022,14765.7781882066
"ASA","Other Asia","marine","crustaceans","marine-crustaceans",2023,15452.3555480883
"ASA","Other Asia","marine","crustaceans","marine-crustaceans",2024,16176.0579513247
"ASA","Other Asia","marine","crustaceans","marine-crustaceans",2025,16939.0700959153
"ASA","Other Asia","marine","crustaceans","marine-crustaceans",2026,17743.710437592
"ASA","Other Asia","marine","crustaceans","marine-crustaceans",2027,18592.4395190058
"ASA","Other Asia","marine","crustaceans","marine-crustaceans",2028,19487.8688211997
"ASA","Other Asia","marine","crustaceans","marine-crustaceans",2029,20432.7701702095
"ASA","Other Asia","marine","crustaceans","marine-crustaceans",2030,21430.0857337012
"ASA","Other Asia","marine","finfish","marine-finfish",2018,94832.5234855002
"ASA","Other Asia","marine","finfish","marine-finfish",2019,98259.4603763402
"ASA","Other Asia","marine","finfish","marine-finfish",2020,101810.94345196
"ASA","Other Asia","marine","finfish","marine-finfish",2021,105491.506290553
"ASA","Other Asia","marine","finfish","marine-finfish",2022,109305.84756808
"ASA","Other Asia","marine","finfish","marine-finfish",2023,113258.837071309
"ASA","Other Asia","marine","finfish","marine-finfish",2024,117355.521929849
"ASA","Other Asia","marine","finfish","marine-finfish",2025,121601.133075176
"ASA","Other Asia","marine","finfish","marine-finfish",2026,126001.091934913
"ASA","Other Asia","marine","finfish","marine-finfish",2027,130561.017370926
"ASA","Other Asia","marine","finfish","marine-finfish",2028,135286.732870126
"ASA","Other Asia","marine","finfish","marine-finfish",2029,140184.27399717
"ASA","Other Asia","marine","finfish","marine-finfish",2030,145259.896118615
"ASC","Other Central Asia","inland","crustaceans","inland-crustaceans",2018,65.6958139719791
"ASC","Other Central Asia","inland","crustaceans","inland-crustaceans",2019,67.3192831570449
"ASC","Other Central Asia","inland","crustaceans","inland-crustaceans",2020,68.9859405629008
"ASC","Other Central Asia","inland","crustaceans","inland-crustaceans",2021,70.697021851412
"ASC","Other Central Asia","inland","crustaceans","inland-crustaceans",2022,72.4538003158077
"ASC","Other Central Asia","inland","crustaceans","inland-crustaceans",2023,74.257588082328
"ASC","Other Central Asia","inland","crustaceans","inland-crustaceans",2024,76.1097373515185
"ASC","Other Central Asia","inland","crustaceans","inland-crustaceans",2025,78.0116416805056
"ASC","Other Central Asia","inland","crustaceans","inland-crustaceans",2026,79.9647373076377
"ASC","Other Central Asia","inland","crustaceans","inland-crustaceans",2027,81.9705045209177
"ASC","Other Central Asia","inland","crustaceans","inland-crustaceans",2028,84.030469071706
"ASC","Other Central Asia","inland","crustaceans","inland-crustaceans",2029,86.1462036352227
"ASC","Other Central Asia","inland","crustaceans","inland-crustaceans",2030,88.3193293194276
"ASC","Other Central Asia","inland","finfish","inland-finfish",2018,77993.0213297534
"ASC","Other Central Asia","inland","finfish","inland-finfish",2019,83192.8013783044
"ASC","Other Central Asia","inland","finfish","inland-finfish",2020,88741.2960796199
"ASC","Other Central Asia","inland","finfish","inland-finfish",2021,94661.9378848866
"ASC","Other Central Asia","inland","finfish","inland-finfish",2022,100979.735098186
"ASC","Other Central Asia","inland","finfish","inland-finfish",2023,107721.377896797
"ASC","Other Central Asia","inland","finfish","inland-finfish",2024,114915.351486035
"ASC","Other Central Asia","inland","finfish","inland-finfish",2025,122592.056868804
"ASC","Other Central Asia","inland","finfish","inland-finfish",2026,130783.939742374
"ASC","Other Central Asia","inland","finfish","inland-finfish",2027,139525.628069387
"ASC","Other Central Asia","inland","finfish","inland-finfish",2028,148854.078906915
"ASC","Other Central Asia","inland","finfish","inland-finfish",2029,158808.735116692
"ASC","Other Central Asia","inland","finfish","inland-finfish",2030,169431.692621598
"ASC","Other Central Asia","marine","bivalves","marine-bivalves",2018,6.3
"ASC","Other Central Asia","marine","bivalves","marine-bivalves",2019,6.37510309388351
"ASC","Other Central Asia","marine","bivalves","marine-bivalves",2020,6.45110150121319
"ASC","Other Central Asia","marine","bivalves","marine-bivalves",2021,6.52800589513346
"ASC","Other Central Asia","marine","bivalves","marine-bivalves",2022,6.60582707602462
"ASC","Other Central Asia","marine","bivalves","marine-bivalves",2023,6.68457597301968
"ASC","Other Central Asia","marine","bivalves","marine-bivalves",2024,6.76426364553923
"ASC","Other Central Asia","marine","bivalves","marine-bivalves",2025,6.84490128484459
"ASC","Other Central Asia","marine","bivalves","marine-bivalves",2026,6.92650021560952
"ASC","Other Central Asia","marine","bivalves","marine-bivalves",2027,7.00907189751064
"ASC","Other Central Asia","marine","bivalves","marine-bivalves",2028,7.09262792683684
"ASC","Other Central Asia","marine","bivalves","marine-bivalves",2029,7.17718003811779
"ASC","Other Central Asia","marine","bivalves","marine-bivalves",2030,7.26274010577202
"ASC","Other Central Asia","marine","crustaceans","marine-crustaceans",2018,11
"ASC","Other Central Asia","marine","crustaceans","marine-crustaceans",2019,11.2767013960887
"ASC","Other Central Asia","marine","crustaceans","marine-crustaceans",2020,11.5603631251407
"ASC","Other Central Asia","marine","crustaceans","marine-crustaceans",2021,11.8511602720515
"ASC","Other Central Asia","marine","crustaceans","marine-crustaceans",2022,12.1492723259194
"ASC","Other Central Asia","marine","crustaceans","marine-crustaceans",2023,12.4548832908324
"ASC","Other Central Asia","marine","crustaceans","marine-crustaceans",2024,12.768181799441
"ASC","Other Central Asia","marine","crustaceans","marine-crustaceans",2025,13.0893612293882
"ASC","Other Central Asia","marine","crustaceans","marine-crustaceans",2026,13.4186198226682
"ASC","Other Central Asia","marine","crustaceans","marine-crustaceans",2027,13.7561608079878
"ASC","Other Central Asia","marine","crustaceans","marine-crustaceans",2028,14.1021925262051
"ASC","Other Central Asia","marine","crustaceans","marine-crustaceans",2029,14.4569285589244
"ASC","Other Central Asia","marine","crustaceans","marine-crustaceans",2030,14.8205878603251
"ASC","Other Central Asia","marine","finfish","marine-finfish",2018,6.51
"ASC","Other Central Asia","marine","finfish","marine-finfish",2019,6.57532025231461
"ASC","Other Central Asia","marine","finfish","marine-finfish",2020,6.64129591712729
"ASC","Other Central Asia","marine","finfish","marine-finfish",2021,6.70793357073754
"ASC","Other Central Asia","marine","finfish","marine-finfish",2022,6.77523985543036
"ASC","Other Central Asia","marine","finfish","marine-finfish",2023,6.8432214801383
"ASC","Other Central Asia","marine","finfish","marine-finfish",2024,6.91188522111025
"ASC","Other Central Asia","marine","finfish","marine-finfish",2025,6.98123792258683
"ASC","Other Central Asia","marine","finfish","marine-finfish",2026,7.05128649748264
"ASC","Other Central Asia","marine","finfish","marine-finfish",2027,7.12203792807529
"ASC","Other Central Asia","marine","finfish","marine-finfish",2028,7.19349926670142
"ASC","Other Central Asia","marine","finfish","marine-finfish",2029,7.26567763645962
"ASC","Other Central Asia","marine","finfish","marine-finfish",2030,7.33858023192048
"ASL","LDC Asia","inland","crustaceans","inland-crustaceans",2018,65157.4843252355
"ASL","LDC Asia","inland","crustaceans","inland-crustaceans",2019,68200.3985010387
"ASL","LDC Asia","inland","crustaceans","inland-crustaceans",2020,71385.4479135247
"ASL","LDC Asia","inland","crustaceans","inland-crustaceans",2021,74719.272348544
"ASL","LDC Asia","inland","crustaceans","inland-crustaceans",2022,78208.8217811423
"ASL","LDC Asia","inland","crustaceans","inland-crustaceans",2023,81861.3708669796
"ASL","LDC Asia","inland","crustaceans","inland-crustaceans",2024,85684.5341107716
"ASL","LDC Asia","inland","crustaceans","inland-crustaceans",2025,89686.2817433837
"ASL","LDC Asia","inland","crustaceans","inland-crustaceans",2026,93874.9563406855
"ASL","LDC Asia","inland","crustaceans","inland-crustaceans",2027,98259.2902188211
"ASL","LDC Asia","inland","crustaceans","inland-crustaceans",2028,102848.423642168
"ASL","LDC Asia","inland","crustaceans","inland-crustaceans",2029,107651.923881953
"ASL","LDC Asia","inland","crustaceans","inland-crustaceans",2030,112679.80516527
"ASL","LDC Asia","inland","finfish","inland-finfish",2018,3621570.02138767
"ASL","LDC Asia","inland","finfish","inland-finfish",2019,3846366.32573389
"ASL","LDC Asia","inland","finfish","inland-finfish",2020,4085420.65353229
"ASL","LDC Asia","inland","finfish","inland-finfish",2021,4339655.40543062
"ASL","LDC Asia","inland","finfish","inland-finfish",2022,4610053.75685372
"ASL","LDC Asia","inland","finfish","inland-finfish",2023,4897663.73250605
"ASL","LDC Asia","inland","finfish","inland-finfish",2024,5203602.55877371
"ASL","LDC Asia","inland","finfish","inland-finfish",2025,5529061.31331863
"ASL","LDC Asia","inland","finfish","inland-finfish",2026,5875309.89252304
"ASL","LDC Asia","inland","finfish","inland-finfish",2027,6243702.31890538
"ASL","LDC Asia","inland","finfish","inland-finfish",2028,6635682.41219854
"ASL","LDC Asia","inland","finfish","inland-finfish",2029,7052789.84946419
"ASL","LDC Asia","inland","finfish","inland-finfish",2030,7496666.64142231
"ASL","LDC Asia","marine","bivalves","marine-bivalves",2018,8676.11838921794
"ASL","LDC Asia","marine","bivalves","marine-bivalves",2019,9048.93618140373
"ASL","LDC Asia","marine","bivalves","marine-bivalves",2020,9437.79242899705
"ASL","LDC Asia","marine","bivalves","marine-bivalves",2021,9843.3773172389
"ASL","LDC Asia","marine","bivalves","marine-bivalves",2022,10266.4107348149
"ASL","LDC Asia","marine","bivalves","marine-bivalves",2023,10707.6435522309
"ASL","LDC Asia","marine","bivalves","marine-bivalves",2024,11167.8589552078
"ASL","LDC Asia","marine","bivalves","marine-bivalves",2025,11647.8738354632
"ASL","LDC Asia","marine","bivalves","marine-bivalves",2026,12148.54024135
"ASL","LDC Asia","marine","bivalves","marine-bivalves",2027,12670.7468909276
"ASL","LDC Asia","marine","bivalves","marine-bivalves",2028,13215.4207501536
"ASL","LDC Asia","marine","bivalves","marine-bivalves",2029,13783.528678998
"ASL","LDC Asia","marine","bivalves","marine-bivalves",2030,14376.0791484026
"ASL","LDC Asia","marine","crustaceans","marine-crustaceans",2018,163693.218909443
"ASL","LDC Asia","marine","crustaceans","marine-crustaceans",2019,172261.465742353
"ASL","LDC Asia","marine","crustaceans","marine-crustaceans",2020,181289.882841603
"ASL","LDC Asia","marine","crustaceans","marine-crustaceans",2021,190803.826014032
"ASL","LDC Asia","marine","crustaceans","marine-crustaceans",2022,200830.08255506
"ASL","LDC Asia","marine","crustaceans","marine-crustaceans",2023,211396.953858199
"ASL","LDC Asia","marine","crustaceans","marine-crustaceans",2024,222534.342883207
"ASL","LDC Asia","marine","crustaceans","marine-crustaceans",2025,234273.846773212
"ASL","LDC Asia","marine","crustaceans","marine-crustaceans",2026,246648.854928663
"ASL","LDC Asia","marine","crustaceans","marine-crustaceans",2027,259694.65286466
"ASL","LDC Asia","marine","crustaceans","marine-crustaceans",2028,273448.532197945
"ASL","LDC Asia","marine","crustaceans","marine-crustaceans",2029,287949.907130876
"ASL","LDC Asia","marine","crustaceans","marine-crustaceans",2030,303240.43782195
"ASL","LDC Asia","marine","finfish","marine-finfish",2018,122554.982517249
"ASL","LDC Asia","marine","finfish","marine-finfish",2019,127005.417427804
"ASL","LDC Asia","marine","finfish","marine-finfish",2020,131617.815263892
"ASL","LDC Asia","marine","finfish","marine-finfish",2021,136398.07380895
"ASL","LDC Asia","marine","finfish","marine-finfish",2022,141352.305646136
"ASL","LDC Asia","marine","finfish","marine-finfish",2023,146486.845981784
"ASL","LDC Asia","marine","finfish","marine-finfish",2024,151808.260753803
"ASL","LDC Asia","marine","finfish","marine-finfish",2025,157323.355035404
"ASL","LDC Asia","marine","finfish","marine-finfish",2026,163039.181744919
"ASL","LDC Asia","marine","finfish","marine-finfish",2027,168963.050672847
"ASL","LDC Asia","marine","finfish","marine-finfish",2028,175102.53783769
"ASL","LDC Asia","marine","finfish","marine-finfish",2029,181465.495182551
"ASL","LDC Asia","marine","finfish","marine-finfish",2030,188060.060624911
"COS","Cosimo- individual countries","inland","crustaceans","inland-crustaceans",2018,96869.6008323191
"COS","Cosimo- individual countries","inland","crustaceans","inland-crustaceans",2019,100561.170758976
"COS","Cosimo- individual countries","inland","crustaceans","inland-crustaceans",2020,104408.573879126
"COS","Cosimo- individual countries","inland","crustaceans","inland-crustaceans",2021,108418.762417915
"COS","Cosimo- individual countries","inland","crustaceans","inland-crustaceans",2022,112599.00711815
"COS","Cosimo- individual countries","inland","crustaceans","inland-crustaceans",2023,116956.912011321
"COS","Cosimo- individual countries","inland","crustaceans","inland-crustaceans",2024,121500.429877402
"COS","Cosimo- individual countries","inland","crustaceans","inland-crustaceans",2025,126237.878425633
"COS","Cosimo- individual countries","inland","crustaceans","inland-crustaceans",2026,131177.957229991
"COS","Cosimo- individual countries","inland","crustaceans","inland-crustaceans",2027,136329.765454641
"COS","Cosimo- individual countries","inland","crustaceans","inland-crustaceans",2028,141702.820406309
"COS","Cosimo- individual countries","inland","crustaceans","inland-crustaceans",2029,147307.076952239
"COS","Cosimo- individual countries","inland","crustaceans","inland-crustaceans",2030,153152.947844239
"COS","Cosimo- individual countries","inland","finfish","inland-finfish",2018,14397462.4222513
"COS","Cosimo- individual countries","inland","finfish","inland-finfish",2019,15250527.9756706
"COS","Cosimo- individual countries","inland","finfish","inland-finfish",2020,16156689.4280743
"COS","Cosimo- individual countries","inland","finfish","inland-finfish",2021,17119352.6831251
"COS","Cosimo- individual countries","inland","finfish","inland-finfish",2022,18142147.7352839
"COS","Cosimo- individual countries","inland","finfish","inland-finfish",2023,19228943.7938635
"COS","Cosimo- individual countries","inland","finfish","inland-finfish",2024,20383865.4559704
"COS","Cosimo- individual countries","inland","finfish","inland-finfish",2025,21611310.0032546
"COS","Cosimo- individual countries","inland","finfish","inland-finfish",2026,22915965.9029119
"COS","Cosimo- individual countries","inland","finfish","inland-finfish",2027,24302832.5993239
"COS","Cosimo- individual countries","inland","finfish","inland-finfish",2028,25777241.6891248
"COS","Cosimo- individual countries","inland","finfish","inland-finfish",2029,27344879.5793649
"COS","Cosimo- individual countries","inland","finfish","inland-finfish",2030,29011811.7358641
"COS","Cosimo- individual countries","marine","bivalves","marine-bivalves",2018,946661.478249788
"COS","Cosimo- individual countries","marine","bivalves","marine-bivalves",2019,980027.607209842
"COS","Cosimo- individual countries","marine","bivalves","marine-bivalves",2020,1014735.85389559
"COS","Cosimo- individual countries","marine","bivalves","marine-bivalves",2021,1050842.60775095
"COS","Cosimo- individual countries","marine","bivalves","marine-bivalves",2022,1088406.65798045
"COS","Cosimo- individual countries","marine","bivalves","marine-bivalves",2023,1127489.29604928
"COS","Cosimo- individual countries","marine","bivalves","marine-bivalves",2024,1168154.42256585
"COS","Cosimo- individual countries","marine","bivalves","marine-bivalves",2025,1210468.65873457
"COS","Cosimo- individual countries","marine","bivalves","marine-bivalves",2026,1254501.46257411
"COS","Cosimo- individual countries","marine","bivalves","marine-bivalves",2027,1300325.25010508
"COS","Cosimo- individual countries","marine","bivalves","marine-bivalves",2028,1348015.52171965
"COS","Cosimo- individual countries","marine","bivalves","marine-bivalves",2029,1397650.99395475
"COS","Cosimo- individual countries","marine","bivalves","marine-bivalves",2030,1449313.7369
"COS","Cosimo- individual countries","marine","crustaceans","marine-crustaceans",2018,2885596.87531865
"COS","Cosimo- individual countries","marine","crustaceans","marine-crustaceans",2019,3070229.47053601
"COS","Cosimo- individual countries","marine","crustaceans","marine-crustaceans",2020,3267651.52226525
"COS","Cosimo- individual countries","marine","crustaceans","marine-crustaceans",2021,3478790.50257431
"COS","Cosimo- individual countries","marine","crustaceans","marine-crustaceans",2022,3704643.27471119
"COS","Cosimo- individual countries","marine","crustaceans","marine-crustaceans",2023,3946281.41405614
"COS","Cosimo- individual countries","marine","crustaceans","marine-crustaceans",2024,4204856.94562672
"COS","Cosimo- individual countries","marine","crustaceans","marine-crustaceans",2025,4481608.53132476
"COS","Cosimo- individual countries","marine","crustaceans","marine-crustaceans",2026,4777868.1427988
"COS","Cosimo- individual countries","marine","crustaceans","marine-crustaceans",2027,5095068.25869811
"COS","Cosimo- individual countries","marine","crustaceans","marine-crustaceans",2028,5434749.62823638
"COS","Cosimo- individual countries","marine","crustaceans","marine-crustaceans",2029,5798569.64638123
"COS","Cosimo- individual countries","marine","crustaceans","marine-crustaceans",2030,6188311.38966338
"COS","Cosimo- individual countries","marine","finfish","marine-finfish",2018,5042736.34932081
"COS","Cosimo- individual countries","marine","finfish","marine-finfish",2019,5237658.58369334
"COS","Cosimo- individual countries","marine","finfish","marine-finfish",2020,5440470.78883455
"COS","Cosimo- individual countries","marine","finfish","marine-finfish",2021,5651507.11565888
"COS","Cosimo- individual countries","marine","finfish","marine-finfish",2022,5871116.5095936
"COS","Cosimo- individual countries","marine","finfish","marine-finfish",2023,6099663.39382488
"COS","Cosimo- individual countries","marine","finfish","marine-finfish",2024,6337528.38532067
"COS","Cosimo- individual countries","marine","finfish","marine-finfish",2025,6585109.04525443
"COS","Cosimo- individual countries","marine","finfish","marine-finfish",2026,6842820.66553636
"COS","Cosimo- individual countries","marine","finfish","marine-finfish",2027,7111097.09324574
"COS","Cosimo- individual countries","marine","finfish","marine-finfish",2028,7390391.5948493
"COS","Cosimo- individual countries","marine","finfish","marine-finfish",2029,7681177.76218666
"COS","Cosimo- individual countries","marine","finfish","marine-finfish",2030,7983950.46230519
"EUE","Other Europe","inland","crustaceans","inland-crustaceans",2018,142.5
"EUE","Other Europe","inland","crustaceans","inland-crustaceans",2019,145.360916636538
"EUE","Other Europe","inland","crustaceans","inland-crustaceans",2020,148.279270774838
"EUE","Other Europe","inland","crustaceans","inland-crustaceans",2021,151.256215565108
"EUE","Other Europe","inland","crustaceans","inland-crustaceans",2022,154.292927308897
"EUE","Other Europe","inland","crustaceans","inland-crustaceans",2023,157.390605923901
"EUE","Other Europe","inland","crustaceans","inland-crustaceans",2024,160.550475418094
"EUE","Other Europe","inland","crustaceans","inland-crustaceans",2025,163.773784373375
"EUE","Other Europe","inland","crustaceans","inland-crustaceans",2026,167.061806438937
"EUE","Other Europe","inland","crustaceans","inland-crustaceans",2027,170.415840834524
"EUE","Other Europe","inland","crustaceans","inland-crustaceans",2028,173.837212863809
"EUE","Other Europe","inland","crustaceans","inland-crustaceans",2029,177.327274438064
"EUE","Other Europe","inland","crustaceans","inland-crustaceans",2030,180.887404610357
"EUE","Other Europe","inland","finfish","inland-finfish",2018,40026.0873362874
"EUE","Other Europe","inland","finfish","inland-finfish",2019,41517.1050035414
"EUE","Other Europe","inland","finfish","inland-finfish",2020,43082.0018839679
"EUE","Other Europe","inland","finfish","inland-finfish",2021,44725.0789171089
"EUE","Other Europe","inland","finfish","inland-finfish",2022,46450.9099912593
"EUE","Other Europe","inland","finfish","inland-finfish",2023,48264.3603349957
"EUE","Other Europe","inland","finfish","inland-finfish",2024,50170.6062155355
"EUE","Other Europe","inland","finfish","inland-finfish",2025,52175.1560416065
"EUE","Other Europe","inland","finfish","inland-finfish",2026,54283.8729761566
"EUE","Other Europe","inland","finfish","inland-finfish",2027,56502.9991725122
"EUE","Other Europe","inland","finfish","inland-finfish",2028,58839.1817565465
"EUE","Other Europe","inland","finfish","inland-finfish",2029,61299.5006871133
"EUE","Other Europe","inland","finfish","inland-finfish",2030,63891.4986374835
"EUE","Other Europe","marine","bivalves","marine-bivalves",2018,807.595565641238
"EUE","Other Europe","marine","bivalves","marine-bivalves",2019,826.852848458613
"EUE","Other Europe","marine","bivalves","marine-bivalves",2020,846.754152048384
"EUE","Other Europe","marine","bivalves","marine-bivalves",2021,867.324991209707
"EUE","Other Europe","marine","bivalves","marine-bivalves",2022,888.591952597008
"EUE","Other Europe","marine","bivalves","marine-bivalves",2023,910.582740537836
"EUE","Other Europe","marine","bivalves","marine-bivalves",2024,933.326224818898
"EUE","Other Europe","marine","bivalves","marine-bivalves",2025,956.852490524955
"EUE","Other Europe","marine","bivalves","marine-bivalves",2026,981.192890018884
"EUE","Other Europe","marine","bivalves","marine-bivalves",2027,1006.380097155
"EUE","Other Europe","marine","bivalves","marine-bivalves",2028,1032.44816382174
"EUE","Other Europe","marine","bivalves","marine-bivalves",2029,1059.43257891384
"EUE","Other Europe","marine","bivalves","marine-bivalves",2030,1087.37032983866
"EUE","Other Europe","marine","crustaceans","marine-crustaceans",2018,143
"EUE","Other Europe","marine","crustaceans","marine-crustaceans",2019,146.597118149153
"EUE","Other Europe","marine","crustaceans","marine-crustaceans",2020,150.284720626829
"EUE","Other Europe","marine","crustaceans","marine-crustaceans",2021,154.065083536669
"EUE","Other Europe","marine","crustaceans","marine-crustaceans",2022,157.940540236952
"EUE","Other Europe","marine","crustaceans","marine-crustaceans",2023,161.913482780821
"EUE","Other Europe","marine","crustaceans","marine-crustaceans",2024,165.986363392733
"EUE","Other Europe","marine","crustaceans","marine-crustaceans",2025,170.161695982046
"EUE","Other Europe","marine","crustaceans","marine-crustaceans",2026,174.442057694687
"EUE","Other Europe","marine","crustaceans","marine-crustaceans",2027,178.830090503841
"EUE","Other Europe","marine","crustaceans","marine-crustaceans",2028,183.328502840666
"EUE","Other Europe","marine","crustaceans","marine-crustaceans",2029,187.940071266017
"EUE","Other Europe","marine","crustaceans","marine-crustaceans",2030,192.667642184227
"EUE","Other Europe","marine","finfish","marine-finfish",2018,113768.07827022
"EUE","Other Europe","marine","finfish","marine-finfish",2019,121335.847977123
"EUE","Other Europe","marine","finfish","marine-finfish",2020,129430.427429421
"EUE","Other Europe","marine","finfish","marine-finfish",2021,138089.404898129
"EUE","Other Europe","marine","finfish","marine-finfish",2022,147353.085466524
"EUE","Other Europe","marine","finfish","marine-finfish",2023,157264.688697423
"EUE","Other Europe","marine","finfish","marine-finfish",2024,167870.56073014
"EUE","Other Europe","marine","finfish","marine-finfish",2025,179220.401862258
"EUE","Other Europe","marine","finfish","marine-finfish",2026,191367.510748544
"EUE","Other Europe","marine","finfish","marine-finfish",2027,204369.046432231
"EUE","Other Europe","marine","finfish","marine-finfish",2028,218286.309512809
"EUE","Other Europe","marine","finfish","marine-finfish",2029,233185.043849926
"EUE","Other Europe","marine","finfish","marine-finfish",2030,249135.760305429
"EUN","E27","inland","crustaceans","inland-crustaceans",2018,211.142900861781
"EUN","E27","inland","crustaceans","inland-crustaceans",2019,216.363597975678
"EUN","E27","inland","crustaceans","inland-crustaceans",2020,221.735014414894
"EUN","E27","inland","crustaceans","inland-crustaceans",2021,227.262322782933
"EUN","E27","inland","crustaceans","inland-crustaceans",2022,232.950899916149
"EUN","E27","inland","crustaceans","inland-crustaceans",2023,238.806335678322
"EUN","E27","inland","crustaceans","inland-crustaceans",2024,244.834442151309
"EUN","E27","inland","crustaceans","inland-crustaceans",2025,251.041263240002
"EUN","E27","inland","crustaceans","inland-crustaceans",2026,257.433084710647
"EUN","E27","inland","crustaceans","inland-crustaceans",2027,264.016444682474
"EUN","E27","inland","crustaceans","inland-crustaceans",2028,270.798144593511
"EUN","E27","inland","crustaceans","inland-crustaceans",2029,277.785260662435
"EUN","E27","inland","crustaceans","inland-crustaceans",2030,284.985155869304
"EUN","E27","inland","finfish","inland-finfish",2018,287577.446444879
"EUN","E27","inland","finfish","inland-finfish",2019,299574.696359088
"EUN","E27","inland","finfish","inland-finfish",2020,312249.364596575
"EUN","E27","inland","finfish","inland-finfish",2021,325644.864050582
"EUN","E27","inland","finfish","inland-finfish",2022,339807.502953359
"EUN","E27","inland","finfish","inland-finfish",2023,354786.680291416
"EUN","E27","inland","finfish","inland-finfish",2024,370635.094464757
"EUN","E27","inland","finfish","inland-finfish",2025,387408.966089604
"EUN","E27","inland","finfish","inland-finfish",2026,405168.275905336
"EUN","E27","inland","finfish","inland-finfish",2027,423977.01881173
"EUN","E27","inland","finfish","inland-finfish",2028,443903.475132413
"EUN","E27","inland","finfish","inland-finfish",2029,465020.500275051
"EUN","E27","inland","finfish","inland-finfish",2030,487405.834038425
"EUN","E27","marine","bivalves","marine-bivalves",2018,619552.33884447
"EUN","E27","marine","bivalves","marine-bivalves",2019,637172.858555958
"EUN","E27","marine","bivalves","marine-bivalves",2020,655434.458074191
"EUN","E27","marine","bivalves","marine-bivalves",2021,674363.05660614
"EUN","E27","marine","bivalves","marine-bivalves",2022,693985.662197207
"EUN","E27","marine","bivalves","marine-bivalves",2023,714330.418183106
"EUN","E27","marine","bivalves","marine-bivalves",2024,735426.651640439
"EUN","E27","marine","bivalves","marine-bivalves",2025,757304.923922543
"EUN","E27","marine","bivalves","marine-bivalves",2026,779997.083370964
"EUN","E27","marine","bivalves","marine-bivalves",2027,803536.320296833
"EUN","E27","marine","bivalves","marine-bivalves",2028,827957.22433056
"EUN","E27","marine","bivalves","marine-bivalves",2029,853295.84424253
"EUN","E27","marine","bivalves","marine-bivalves",2030,879589.750341984
"EUN","E27","marine","crustaceans","marine-crustaceans",2018,504.140506573027
"EUN","E27","marine","crustaceans","marine-crustaceans",2019,524.831045077573
"EUN","E27","marine","crustaceans","marine-crustaceans",2020,546.493478072354
"EUN","E27","marine","crustaceans","marine-crustaceans",2021,569.177829412111
"EUN","E27","marine","crustaceans","marine-crustaceans",2022,592.936838228603
"EUN","E27","marine","crustaceans","marine-crustaceans",2023,617.826110700885
"EUN","E27","marine","crustaceans","marine-crustaceans",2024,643.904280453475
"EUN","E27","marine","crustaceans","marine-crustaceans",2025,671.233178078304
"EUN","E27","marine","crustaceans","marine-crustaceans",2026,699.878010305095
"EUN","E27","marine","crustaceans","marine-crustaceans",2027,729.907549375254
"EUN","E27","marine","crustaceans","marine-crustaceans",2028,761.394333206507
"EUN","E27","marine","crustaceans","marine-crustaceans",2029,794.414876969649
"EUN","E27","marine","crustaceans","marine-crustaceans",2030,829.049896734782
"EUN","E27","marine","finfish","marine-finfish",2018,260449.088176688
"EUN","E27","marine","finfish","marine-finfish",2019,269713.240671746
"EUN","E27","marine","finfish","marine-finfish",2020,279334.269459305
"EUN","E27","marine","finfish","marine-finfish",2021,289327.306625819
"EUN","E27","marine","finfish","marine-finfish",2022,299708.206988635
"EUN","E27","marine","finfish","marine-finfish",2023,310493.587318415
"EUN","E27","marine","finfish","marine-finfish",2024,321700.867940793
"EUN","E27","marine","finfish","marine-finfish",2025,333348.316873567
"EUN","E27","marine","finfish","marine-finfish",2026,345455.096666446
"EUN","E27","marine","finfish","marine-finfish",2027,358041.314121969
"EUN","E27","marine","finfish","marine-finfish",2028,371128.073088531
"EUN","E27","marine","finfish","marine-finfish",2029,384737.530529726
"EUN","E27","marine","finfish","marine-finfish",2030,398892.956088355
"NEI","Other nei","inland","crustaceans","inland-crustaceans",2018,7.5
"NEI","Other nei","inland","crustaceans","inland-crustaceans",2019,7.65057455981777
"NEI","Other nei","inland","crustaceans","inland-crustaceans",2020,7.80417214604412
"NEI","Other nei","inland","crustaceans","inland-crustaceans",2021,7.96085345079514
"NEI","Other nei","inland","crustaceans","inland-crustaceans",2022,8.12068038467878
"NEI","Other nei","inland","crustaceans","inland-crustaceans",2023,8.28371610125795
"NEI","Other nei","inland","crustaceans","inland-crustaceans",2024,8.45002502200493
"NEI","Other nei","inland","crustaceans","inland-crustaceans",2025,8.6196728617566
"NEI","Other nei","inland","crustaceans","inland-crustaceans",2026,8.79272665468089
"NEI","Other nei","inland","crustaceans","inland-crustaceans",2027,8.96925478076443
"NEI","Other nei","inland","crustaceans","inland-crustaceans",2028,9.14932699283204
"NEI","Other nei","inland","crustaceans","inland-crustaceans",2029,9.33301444410864
"NEI","Other nei","inland","crustaceans","inland-crustaceans",2030,9.52038971633458
"NEI","Other nei","inland","finfish","inland-finfish",2018,8
"NEI","Other nei","inland","finfish","inland-finfish",2019,8.14308547520946
"NEI","Other nei","inland","finfish","inland-finfish",2020,8.28873013207091
"NEI","Other nei","inland","finfish","inland-finfish",2021,8.4369797432997
"NEI","Other nei","inland","finfish","inland-finfish",2022,8.58788090028753
"NEI","Other nei","inland","finfish","inland-finfish",2023,8.74148102774501
"NEI","Other nei","inland","finfish","inland-finfish",2024,8.89782839860618
"NEI","Other nei","inland","finfish","inland-finfish",2025,9.05697214919953
"NEI","Other nei","inland","finfish","inland-finfish",2026,9.21896229469041
"NEI","Other nei","inland","finfish","inland-finfish",2027,9.38384974479965
"NEI","Other nei","inland","finfish","inland-finfish",2028,9.55168631980325
"NEI","Other nei","inland","finfish","inland-finfish",2029,9.72252476681834
"NEI","Other nei","inland","finfish","inland-finfish",2030,9.89641877638033
"NEI","Other nei","marine","bivalves","marine-bivalves",2018,6.3
"NEI","Other nei","marine","bivalves","marine-bivalves",2019,6.37510309388351
"NEI","Other nei","marine","bivalves","marine-bivalves",2020,6.45110150121319
"NEI","Other nei","marine","bivalves","marine-bivalves",2021,6.52800589513346
"NEI","Other nei","marine","bivalves","marine-bivalves",2022,6.60582707602462
"NEI","Other nei","marine","bivalves","marine-bivalves",2023,6.68457597301968
"NEI","Other nei","marine","bivalves","marine-bivalves",2024,6.76426364553923
"NEI","Other nei","marine","bivalves","marine-bivalves",2025,6.84490128484459
"NEI","Other nei","marine","bivalves","marine-bivalves",2026,6.92650021560952
"NEI","Other nei","marine","bivalves","marine-bivalves",2027,7.00907189751064
"NEI","Other nei","marine","bivalves","marine-bivalves",2028,7.09262792683684
"NEI","Other nei","marine","bivalves","marine-bivalves",2029,7.17718003811779
"NEI","Other nei","marine","bivalves","marine-bivalves",2030,7.26274010577202
"NEI","Other nei","marine","crustaceans","marine-crustaceans",2018,11
"NEI","Other nei","marine","crustaceans","marine-crustaceans",2019,11.2767013960887
"NEI","Other nei","marine","crustaceans","marine-crustaceans",2020,11.5603631251407
"NEI","Other nei","marine","crustaceans","marine-crustaceans",2021,11.8511602720515
"NEI","Other nei","marine","crustaceans","marine-crustaceans",2022,12.1492723259194
"NEI","Other nei","marine","crustaceans","marine-crustaceans",2023,12.4548832908324
"NEI","Other nei","marine","crustaceans","marine-crustaceans",2024,12.768181799441
"NEI","Other nei","marine","crustaceans","marine-crustaceans",2025,13.0893612293882
"NEI","Other nei","marine","crustaceans","marine-crustaceans",2026,13.4186198226682
"NEI","Other nei","marine","crustaceans","marine-crustaceans",2027,13.7561608079878
"NEI","Other nei","marine","crustaceans","marine-crustaceans",2028,14.1021925262051
"NEI","Other nei","marine","crustaceans","marine-crustaceans",2029,14.4569285589244
"NEI","Other nei","marine","crustaceans","marine-crustaceans",2030,14.8205878603251
"NEI","Other nei","marine","finfish","marine-finfish",2018,6.51
"NEI","Other nei","marine","finfish","marine-finfish",2019,6.57532025231461
"NEI","Other nei","marine","finfish","marine-finfish",2020,6.64129591712729
"NEI","Other nei","marine","finfish","marine-finfish",2021,6.70793357073754
"NEI","Other nei","marine","finfish","marine-finfish",2022,6.77523985543036
"NEI","Other nei","marine","finfish","marine-finfish",2023,6.8432214801383
"NEI","Other nei","marine","finfish","marine-finfish",2024,6.91188522111025
"NEI","Other nei","marine","finfish","marine-finfish",2025,6.98123792258683
"NEI","Other nei","marine","finfish","marine-finfish",2026,7.05128649748264
"NEI","Other nei","marine","finfish","marine-finfish",2027,7.12203792807529
"NEI","Other nei","marine","finfish","marine-finfish",2028,7.19349926670142
"NEI","Other nei","marine","finfish","marine-finfish",2029,7.26567763645962
"NEI","Other nei","marine","finfish","marine-finfish",2030,7.33858023192048
"NEO","Other Near East","inland","crustaceans","inland-crustaceans",2018,82.5
"NEO","Other Near East","inland","crustaceans","inland-crustaceans",2019,84.1563201579955
"NEO","Other Near East","inland","crustaceans","inland-crustaceans",2020,85.8458936064853
"NEO","Other Near East","inland","crustaceans","inland-crustaceans",2021,87.5693879587466
"NEO","Other Near East","inland","crustaceans","inland-crustaceans",2022,89.3274842314666
"NEO","Other Near East","inland","crustaceans","inland-crustaceans",2023,91.1208771138375
"NEO","Other Near East","inland","crustaceans","inland-crustaceans",2024,92.9502752420542
"NEO","Other Near East","inland","crustaceans","inland-crustaceans",2025,94.8164014793226
"NEO","Other Near East","inland","crustaceans","inland-crustaceans",2026,96.7199932014898
"NEO","Other Near East","inland","crustaceans","inland-crustaceans",2027,98.6618025884087
"NEO","Other Near East","inland","crustaceans","inland-crustaceans",2028,100.642596921152
"NEO","Other Near East","inland","crustaceans","inland-crustaceans",2029,102.663158885195
"NEO","Other Near East","inland","crustaceans","inland-crustaceans",2030,104.72428687968
"NEO","Other Near East","inland","finfish","inland-finfish",2018,38265.0816879305
"NEO","Other Near East","inland","finfish","inland-finfish",2019,40383.2472474479
"NEO","Other Near East","inland","finfish","inland-finfish",2020,42624.1390855688
"NEO","Other Near East","inland","finfish","inland-finfish",2021,44994.9763191289
"NEO","Other Near East","inland","finfish","inland-finfish",2022,47503.4049423654
"NEO","Other Near East","inland","finfish","inland-finfish",2023,50157.5231255002
"NEO","Other Near East","inland","finfish","inland-finfish",2024,52965.9080147471
"NEO","Other Near East","inland","finfish","inland-finfish",2025,55937.6441229612
"NEO","Other Near East","inland","finfish","inland-finfish",2026,59082.3534054581
"NEO","Other Near East","inland","finfish","inland-finfish",2027,62410.2271211534
"NEO","Other Near East","inland","finfish","inland-finfish",2028,65932.059585136
"NEO","Other Near East","inland","finfish","inland-finfish",2029,69659.2839251011
"NEO","Other Near East","inland","finfish","inland-finfish",2030,73604.0099607623
"NEO","Other Near East","marine","bivalves","marine-bivalves",2018,69.3
"NEO","Other Near East","marine","bivalves","marine-bivalves",2019,70.1261340327186
"NEO","Other Near East","marine","bivalves","marine-bivalves",2020,70.9621165133451
"NEO","Other Near East","marine","bivalves","marine-bivalves",2021,71.808064846468
"NEO","Other Near East","marine","bivalves","marine-bivalves",2022,72.6640978362708
"NEO","Other Near East","marine","bivalves","marine-bivalves",2023,73.5303357032165
"NEO","Other Near East","marine","bivalves","marine-bivalves",2024,74.4069001009316
"NEO","Other Near East","marine","bivalves","marine-bivalves",2025,75.2939141332905
"NEO","Other Near East","marine","bivalves","marine-bivalves",2026,76.1915023717047
"NEO","Other Near East","marine","bivalves","marine-bivalves",2027,77.099790872617
"NEO","Other Near East","marine","bivalves","marine-bivalves",2028,78.0189071952052
"NEO","Other Near East","marine","bivalves","marine-bivalves",2029,78.9489804192957
"NEO","Other Near East","marine","bivalves","marine-bivalves",2030,79.8901411634922
"NEO","Other Near East","marine","crustaceans","marine-crustaceans",2018,348.426564452844
"NEO","Other Near East","marine","crustaceans","marine-crustaceans",2019,366.242796279779
"NEO","Other Near East","marine","crustaceans","marine-crustaceans",2020,385.077445866865
"NEO","Other Near East","marine","crustaceans","marine-crustaceans",2021,404.992057370126
"NEO","Other Near East","marine","crustaceans","marine-crustaceans",2022,426.051986421525
"NEO","Other Near East","marine","crustaceans","marine-crustaceans",2023,448.326638596806
"NEO","Other Near East","marine","crustaceans","marine-crustaceans",2024,471.889722865175
"NEO","Other Near East","marine","crustaceans","marine-crustaceans",2025,496.819520963652
"NEO","Other Near East","marine","crustaceans","marine-crustaceans",2026,523.199173698258
"NEO","Other Near East","marine","crustaceans","marine-crustaceans",2027,551.11698523734
"NEO","Other Near East","marine","crustaceans","marine-crustaceans",2028,580.666746529402
"NEO","Other Near East","marine","crustaceans","marine-crustaceans",2029,611.948079049137
"NEO","Other Near East","marine","crustaceans","marine-crustaceans",2030,645.066800151149
"NEO","Other Near East","marine","finfish","marine-finfish",2018,3961.26666787384
"NEO","Other Near East","marine","finfish","marine-finfish",2019,4095.0153843547
"NEO","Other Near East","marine","finfish","marine-finfish",2020,4233.52992097294
"NEO","Other Near East","marine","finfish","marine-finfish",2021,4376.98280150461
"NEO","Other Near East","marine","finfish","marine-finfish",2022,4525.55282286927
"NEO","Other Near East","marine","finfish","marine-finfish",2023,4679.42528350805
"NEO","Other Near East","marine","finfish","marine-finfish",2024,4838.79222007883
"NEO","Other Near East","marine","finfish","marine-finfish",2025,5003.85265277138
"NEO","Other Near East","marine","finfish","marine-finfish",2026,5174.81283955652
"NEO","Other Near East","marine","finfish","marine-finfish",2027,5351.88653969449
"NEO","Other Near East","marine","finfish","marine-finfish",2028,5535.29528684005
"NEO","Other Near East","marine","finfish","marine-finfish",2029,5725.26867209351
"NEO","Other Near East","marine","finfish","marine-finfish",2030,5922.04463736031
"OCE","Other Oceania","inland","crustaceans","inland-crustaceans",2018,187.801149119636
"OCE","Other Oceania","inland","crustaceans","inland-crustaceans",2019,191.571559167897
"OCE","Other Oceania","inland","crustaceans","inland-crustaceans",2020,195.417666260605
"OCE","Other Oceania","inland","crustaceans","inland-crustaceans",2021,199.340990137646
"OCE","Other Oceania","inland","crustaceans","inland-crustaceans",2022,203.343081050128
"OCE","Other Oceania","inland","crustaceans","inland-crustaceans",2023,207.425520372943
"OCE","Other Oceania","inland","crustaceans","inland-crustaceans",2024,211.589921229626
"OCE","Other Oceania","inland","crustaceans","inland-crustaceans",2025,215.837929129764
"OCE","Other Oceania","inland","crustaceans","inland-crustaceans",2026,220.171222619189
"OCE","Other Oceania","inland","crustaceans","inland-crustaceans",2027,224.591513943246
"OCE","Other Oceania","inland","crustaceans","inland-crustaceans",2028,229.100549723354
"OCE","Other Oceania","inland","crustaceans","inland-crustaceans",2029,233.700111647168
"OCE","Other Oceania","inland","crustaceans","inland-crustaceans",2030,238.392017172586
"OCE","Other Oceania","inland","finfish","inland-finfish",2018,2277.75659726074
"OCE","Other Oceania","inland","finfish","inland-finfish",2019,2410.86391715816
"OCE","Other Oceania","inland","finfish","inland-finfish",2020,2552.56974258644
"OCE","Other Oceania","inland","finfish","inland-finfish",2021,2703.44641641937
"OCE","Other Oceania","inland","finfish","inland-finfish",2022,2864.10469329785
"OCE","Other Oceania","inland","finfish","inland-finfish",2023,3035.19632326222
"OCE","Other Oceania","inland","finfish","inland-finfish",2024,3217.41680926565
"OCE","Other Oceania","inland","finfish","inland-finfish",2025,3411.50835027291
"OCE","Other Oceania","inland","finfish","inland-finfish",2026,3618.26298243646
"OCE","Other Oceania","inland","finfish","inland-finfish",2027,3838.52593168289
"OCE","Other Oceania","inland","finfish","inland-finfish",2028,4073.19919194021
"OCE","Other Oceania","inland","finfish","inland-finfish",2029,4323.24534419425
"OCE","Other Oceania","inland","finfish","inland-finfish",2030,4589.69163258507
"OCE","Other Oceania","marine","bivalves","marine-bivalves",2018,1371.11849184606
"OCE","Other Oceania","marine","bivalves","marine-bivalves",2019,1387.91166743677
"OCE","Other Oceania","marine","bivalves","marine-bivalves",2020,1404.92431343997
"OCE","Other Oceania","marine","bivalves","marine-bivalves",2021,1422.15987583411
"OCE","Other Oceania","marine","bivalves","marine-bivalves",2022,1439.62187738412
"OCE","Other Oceania","marine","bivalves","marine-bivalves",2023,1457.3139200935
"OCE","Other Oceania","marine","bivalves","marine-bivalves",2024,1475.23968775189
"OCE","Other Oceania","marine","bivalves","marine-bivalves",2025,1493.40294858182
"OCE","Other Oceania","marine","bivalves","marine-bivalves",2026,1511.80755798919
"OCE","Other Oceania","marine","bivalves","marine-bivalves",2027,1530.45746142139
"OCE","Other Oceania","marine","bivalves","marine-bivalves",2028,1549.35669733792
"OCE","Other Oceania","marine","bivalves","marine-bivalves",2029,1568.50940029795
"OCE","Other Oceania","marine","bivalves","marine-bivalves",2030,1587.91980416997
"OCE","Other Oceania","marine","crustaceans","marine-crustaceans",2018,1848.7459133271
"OCE","Other Oceania","marine","crustaceans","marine-crustaceans",2019,1900.97464665431
"OCE","Other Oceania","marine","crustaceans","marine-crustaceans",2020,1954.89175823618
"OCE","Other Oceania","marine","crustaceans","marine-crustaceans",2021,2010.56435682224
"OCE","Other Oceania","marine","crustaceans","marine-crustaceans",2022,2068.06286886347
"OCE","Other Oceania","marine","crustaceans","marine-crustaceans",2023,2127.46123039595
"OCE","Other Oceania","marine","crustaceans","marine-crustaceans",2024,2188.83709101144
"OCE","Other Oceania","marine","crustaceans","marine-crustaceans",2025,2252.27203070805
"OCE","Other Oceania","marine","crustaceans","marine-crustaceans",2026,2317.85179046772
"OCE","Other Oceania","marine","crustaceans","marine-crustaceans",2027,2385.66651746376
"OCE","Other Oceania","marine","crustaceans","marine-crustaceans",2028,2455.81102586239
"OCE","Other Oceania","marine","crustaceans","marine-crustaceans",2029,2528.38507424688
"OCE","Other Oceania","marine","crustaceans","marine-crustaceans",2030,2603.49366076224
"OCE","Other Oceania","marine","finfish","marine-finfish",2018,185.971221976756
"OCE","Other Oceania","marine","finfish","marine-finfish",2019,188.520976717731
"OCE","Other Oceania","marine","finfish","marine-finfish",2020,191.121219314994
"OCE","Other Oceania","marine","finfish","marine-finfish",2021,193.7733634278
"OCE","Other Oceania","marine","finfish","marine-finfish",2022,196.47886993786
"OCE","Other Oceania","marine","finfish","marine-finfish",2023,199.239248626493
"OCE","Other Oceania","marine","finfish","marine-finfish",2024,202.056059912444
"OCE","Other Oceania","marine","finfish","marine-finfish",2025,204.930916652556
"OCE","Other Oceania","marine","finfish","marine-finfish",2026,207.865486007596
"OCE","Other Oceania","marine","finfish","marine-finfish",2027,210.861491375589
"OCE","Other Oceania","marine","finfish","marine-finfish",2028,213.920714395132
"OCE","Other Oceania","marine","finfish","marine-finfish",2029,217.044997021214
"OCE","Other Oceania","marine","finfish","marine-finfish",2030,220.236243676191
"SAC","Other South America and Caribbean","inland","crustaceans","inland-crustaceans",2018,318.916738830446
"SAC","Other South America and Caribbean","inland","crustaceans","inland-crustaceans",2019,325.740194314848
"SAC","Other South America and Caribbean","inland","crustaceans","inland-crustaceans",2020,332.720314278665
"SAC","Other South America and Caribbean","inland","crustaceans","inland-crustaceans",2021,339.8611639626
"SAC","Other South America and Caribbean","inland","crustaceans","inland-crustaceans",2022,347.166933243092
"SAC","Other South America and Caribbean","inland","crustaceans","inland-crustaceans",2023,354.641941146285
"SAC","Other South America and Caribbean","inland","crustaceans","inland-crustaceans",2024,362.290640546713
"SAC","Other South America and Caribbean","inland","crustaceans","inland-crustaceans",2025,370.11762305878
"SAC","Other South America and Caribbean","inland","crustaceans","inland-crustaceans",2026,378.127624129526
"SAC","Other South America and Caribbean","inland","crustaceans","inland-crustaceans",2027,386.325528341536
"SAC","Other South America and Caribbean","inland","crustaceans","inland-crustaceans",2028,394.716374935255
"SAC","Other South America and Caribbean","inland","crustaceans","inland-crustaceans",2029,403.305363560403
"SAC","Other South America and Caribbean","inland","crustaceans","inland-crustaceans",2030,412.097860266604
"SAC","Other South America and Caribbean","inland","finfish","inland-finfish",2018,136650.488607556
"SAC","Other South America and Caribbean","inland","finfish","inland-finfish",2019,142675.366124685
"SAC","Other South America and Caribbean","inland","finfish","inland-finfish",2020,149079.33845573
"SAC","Other South America and Caribbean","inland","finfish","inland-finfish",2021,155889.931742083
"SAC","Other South America and Caribbean","inland","finfish","inland-finfish",2022,163136.764111519
"SAC","Other South America and Caribbean","inland","finfish","inland-finfish",2023,170851.707414614
"SAC","Other South America and Caribbean","inland","finfish","inland-finfish",2024,179069.061585264
"SAC","Other South America and Caribbean","inland","finfish","inland-finfish",2025,187825.742617814
"SAC","Other South America and Caribbean","inland","finfish","inland-finfish",2026,197161.485231748
"SAC","Other South America and Caribbean","inland","finfish","inland-finfish",2027,207119.061379716
"SAC","Other South America and Caribbean","inland","finfish","inland-finfish",2028,217744.515846071
"SAC","Other South America and Caribbean","inland","finfish","inland-finfish",2029,229087.420281959
"SAC","Other South America and Caribbean","inland","finfish","inland-finfish",2030,241201.147129542
"SAC","Other South America and Caribbean","marine","bivalves","marine-bivalves",2018,1491.09988074861
"SAC","Other South America and Caribbean","marine","bivalves","marine-bivalves",2019,1513.33823479401
"SAC","Other South America and Caribbean","marine","bivalves","marine-bivalves",2020,1536.03376512477
"SAC","Other South America and Caribbean","marine","bivalves","marine-bivalves",2021,1559.2001881776
"SAC","Other South America and Caribbean","marine","bivalves","marine-bivalves",2022,1582.85173967604
"SAC","Other South America and Caribbean","marine","bivalves","marine-bivalves",2023,1607.0031961328
"SAC","Other South America and Caribbean","marine","bivalves","marine-bivalves",2024,1631.66989726734
"SAC","Other South America and Caribbean","marine","bivalves","marine-bivalves",2025,1656.86776937813
"SAC","Other South America and Caribbean","marine","bivalves","marine-bivalves",2026,1682.61334971043
"SAC","Other South America and Caribbean","marine","bivalves","marine-bivalves",2027,1708.9238118624
"SAC","Other South America and Caribbean","marine","bivalves","marine-bivalves",2028,1735.81699227402
"SAC","Other South America and Caribbean","marine","bivalves","marine-bivalves",2029,1763.31141784535
"SAC","Other South America and Caribbean","marine","bivalves","marine-bivalves",2030,1791.42633473259
"SAC","Other South America and Caribbean","marine","crustaceans","marine-crustaceans",2018,585425.132430966
"SAC","Other South America and Caribbean","marine","crustaceans","marine-crustaceans",2019,621192.068069275
"SAC","Other South America and Caribbean","marine","crustaceans","marine-crustaceans",2020,659175.718870394
"SAC","Other South America and Caribbean","marine","crustaceans","marine-crustaceans",2021,699514.351743907
"SAC","Other South America and Caribbean","marine","crustaceans","marine-crustaceans",2022,742354.884435624
"SAC","Other South America and Caribbean","marine","crustaceans","marine-crustaceans",2023,787853.427681225
"SAC","Other South America and Caribbean","marine","crustaceans","marine-crustaceans",2024,836175.861373415
"SAC","Other South America and Caribbean","marine","crustaceans","marine-crustaceans",2025,887498.446878245
"SAC","Other South America and Caribbean","marine","crustaceans","marine-crustaceans",2026,942008.477770418
"SAC","Other South America and Caribbean","marine","crustaceans","marine-crustaceans",2027,999904.971400032
"SAC","Other South America and Caribbean","marine","crustaceans","marine-crustaceans",2028,1061399.40385478
"SAC","Other South America and Caribbean","marine","crustaceans","marine-crustaceans",2029,1126716.49104275
"SAC","Other South America and Caribbean","marine","crustaceans","marine-crustaceans",2030,1196095.01879225
"SAC","Other South America and Caribbean","marine","finfish","marine-finfish",2018,3733.68321639083
"SAC","Other South America and Caribbean","marine","finfish","marine-finfish",2019,3851.09048679232
"SAC","Other South America and Caribbean","marine","finfish","marine-finfish",2020,3972.58758286279
"SAC","Other South America and Caribbean","marine","finfish","marine-finfish",2021,4098.3215961513
"SAC","Other South America and Caribbean","marine","finfish","marine-finfish",2022,4228.44495690571
"SAC","Other South America and Caribbean","marine","finfish","marine-finfish",2023,4363.11562833417
"SAC","Other South America and Caribbean","marine","finfish","marine-finfish",2024,4502.49730794025
"SAC","Other South America and Caribbean","marine","finfish","marine-finfish",2025,4646.75963618928
"SAC","Other South America and Caribbean","marine","finfish","marine-finfish",2026,4796.078412773
"SAC","Other South America and Caribbean","marine","finfish","marine-finfish",2027,4950.63582074917
"SAC","Other South America and Caribbean","marine","finfish","marine-finfish",2028,5110.62065884304
"SAC","Other South America and Caribbean","marine","finfish","marine-finfish",2029,5276.2285822078
"SAC","Other South America and Caribbean","marine","finfish","marine-finfish",2030,5447.66235195226
